Variable/Subset,central_tendencies,,,,,,dispersion,,,,,,Hypothesis Testing,,,,,
,"Treatment, mean","Treatment, median","Control, mean","Control, median","All, mean","All, median","Treatment, range","Treatment, standard deviation","Control, range","Control, standard deviation","All, range","All, standard deviation","Treatment vs Control, Difference","Treatment vs Control, p-value","Treatment vs Control, cohen's d effect size","Treatment vs Control, CLES","Treatment vs Control, CLES flipped (treatment=lesser)","Treatment vs Control, Wilcoxon rank-sum statistic"
score in subset TIL,290.650711514,3.0,216.098701299,1.0,237.458487769,1.0,38356,1677.06610836,32241,1348.1260308,38356,1450.40911125,74.5520102149,0.271263450413,0.0514145630319,0.48354362325901784,0.31984408864098385,"RanksumsResult(statistic=6.6575087164662952, pvalue=2.7850789355062395e-11)"
num_comments in subset TIL,38.5717981889,1.0,26.5215584416,0.0,29.9740548554,1.0,3499,214.976719655,5200,188.717465389,5200,196.675262054,12.0502397473,0.17370469103,0.0612932502203,0.5264790578115287,0.29234656675795095,"RanksumsResult(statistic=9.5219519324488164, pvalue=1.6995625378381836e-21)"
score in subset TOP TEN,288.790488432,2.5,58.7696155396,1.0,61.2295289282,1.0,38356,1671.82840307,45694,710.693400775,45694,728.103047495,230.020872892,0.000137634121371,0.3160849443,0.5599708487269526,0.23868487946748332,"RanksumsResult(statistic=15.438477017586484, pvalue=9.0205202352748823e-54)"
num_comments in subset TOP TEN,38.3624678663,1.0,16.6597796335,1.0,16.8918748024,1.0,3499,214.301045321,21249,215.220799837,21249,215.222561709,21.7026882329,0.00511231797572,0.100843775627,0.45901993015681586,0.385569412615814,"RanksumsResult(statistic=3.5294542416535006, pvalue=0.00041641770941978413)"
score in subset ALL,152.959702418,2.0,29.9870559344,1.0,30.1523516667,1.0,38356,1174.527651,59999,323.8505725,59999,326.516180419,122.972646484,2.77300003895e-05,0.376656235699,0.48748349785737594,0.32598747318770827,"RanksumsResult(statistic=11.226577739680065, pvalue=3.0194835302062898e-29)"
num_comments in subset ALL,21.0998140112,1.0,8.33650064629,1.0,8.35365666667,1.0,3499,150.824900489,21249,81.3028006998,21249,81.4374376048,12.7633133649,0.000697995553785,0.156727963976,0.397741765444999,0.4002289182643334,"RanksumsResult(statistic=-0.17289722476968269, pvalue=0.86273221311575232)"
