,basic,,,,,,,,,,,,central_tendencies,,,,,,Hypothesis Testing,
,"Treatment, num_items","Treatment, sum","Treatment, percent_of_total_items","Treatment, percent_of_total_sum","Control, num_items","Control, sum","Control, percent_of_total_items","Control, percent_of_total_sum","All groups, num_items","All groups, sum","All groups, percent_of_total_items","All groups, percent_of_total_sum","Treatment, mean","Treatment, median","Control, mean","Control, median","All groups, mean","All groups, median","Treatment vs Control, Difference","Treatment vs Control, p_value"
`score` in `All`,36197,239488,75.8544814434502,76.7730001955,11522,72455,24.145518556549803,23.2269998045,47719,311943.0,100.0,100.0,6.61623891483,1.0,6.28840479083,2.0,6.53708166558,1.0,0.327834123992,0.727582113353
`num_comments` in `All`,36197,62323,75.8544814434502,76.5488356097,11522,19093,24.145518556549803,23.4511643903,47719,81416.0,100.0,100.0,1.72177252258,1.0,1.65709078285,1.0,1.70615478111,1.0,0.0646817397345,0.0270222056858
`num_pageviews` in `All`,36197,367290610,75.8544814434502,77.047777491,11522,109414393,24.145518556549803,22.952222509,47719,476705003.0,100.0,100.0,10146.9903583,524.0,9496.12853671,654.0,9989.8363964,554.0,650.861821605,0.412235171025
