,basic,,,,,,,,,,,,central_tendencies,,,,,,Hypothesis Testing,
,"Treatment, num_items","Treatment, sum","Treatment, percent_of_total_items","Treatment, percent_of_total_sum","Control, num_items","Control, sum","Control, percent_of_total_items","Control, percent_of_total_sum","All groups, num_items","All groups, sum","All groups, percent_of_total_items","All groups, percent_of_total_sum","Treatment, mean","Treatment, median","Control, mean","Control, median","All groups, mean","All groups, median","Treatment vs Control, Difference","Treatment vs Control, p_value"
`score` in `All`,28498,4660443,77.19060646279694,83.9819027193,8421,888899,22.809393537203064,16.0180972807,36919,5549342.0,100.0,100.0,163.535791985,2.0,105.557415984,2.0,150.311276037,2.0,57.9783760016,1.96744267241e-07
`num_comments` in `All`,28498,585176,77.19060646279694,83.9591550367,8421,111801,22.809393537203064,16.0408449633,36919,696977.0,100.0,100.0,20.5339322058,1.0,13.2764517278,1.0,18.8785449227,1.0,7.25748047795,5.70945168529e-06
`score` in `TIL`,14249,4120485,79.28444246605831,83.8430983785,3723,794034,20.715557533941688,16.1569016215,17972,4914519.0,100.0,100.0,289.177135238,5.0,213.278001612,3.0,273.454206544,4.0,75.899133626,0.00137553578311
`num_comments` in `TIL`,14249,500665,79.28444246605831,84.713026617,3723,90348,20.715557533941688,15.286973383,17972,591013.0,100.0,100.0,35.1368517089,2.0,24.2675261886,1.0,32.8852103272,2.0,10.8693255203,0.00156643620023
`score` in `Top_Ten`,14409,4127835,79.23999120105587,83.8658799321,3775,794113,20.760008798944128,16.1341200679,18184,4921948.0,100.0,100.0,286.476160733,4.0,210.361059603,3.0,270.674659041,4.0,76.1151011302,0.00115515242449
`num_comments` in `Top_Ten`,14409,501549,79.23999120105587,84.7261240107,3775,90416,20.760008798944128,15.2738759893,18184,591965.0,100.0,100.0,34.8080366438,2.0,23.9512582781,1.0,32.5541684998,2.0,10.8567783656,0.00137602589946
